course_code	coreq_code
ALST 220X	ALST 220
ARTS 221L	ARTS 221
ARTS 221	ARTS 221L
ARTS 222L	ARTS 222
ARTS 222	ARTS 222L
ARTS 223L	ARTS 223
ARTS 223	ARTS 223L
ARTS 287L	ARTS 287
ARTS 287	ARTS 287L
ARTS 357EX	ARTS 357E
ASIA 313L	ASIA 313
ASTR 312L	ASTR 312
ASTR 312	ASTR 312L
BIOL 181L	BIOL 181
BIOL 181	BIOL 181L
BIOL 182L	BIOL 182
BIOL 182	BIOL 182L
BIOL 201L	BIOL 201
BIOL 201	BIOL 201L
BIOL 202L	BIOL 202
BIOL 202	BIOL 202L
BIOL 203L	BIOL 203
BIOL 203	BIOL 203L
BIOL 204L	BIOL 204
BIOL 204	BIOL 204L
BIOL 205L	BIOL 205
BIOL 205	BIOL 205L
BIOL 206L	BIOL 206
BIOL 206	BIOL 206L
BIOL 301L	BIOL 301
BIOL 301	BIOL 301L
BIOL 305L	BIOL 305
BIOL 305	BIOL 305L
BIOL 306L	BIOL 306
BIOL 311L	BIOL 311
BIOL 311	BIOL 311L
BIOL 313L	BIOL 313
BIOL 313	BIOL 313L
BIOL 315L	BIOL 315
BIOL 315	BIOL 315L
BIOL 318L	BIOL 318
BIOL 318	BIOL 318L
BIOL 320L	BIOL 320
BIOL 320	BIOL 320L
BIOL 332E	BIOL 332
BIOL 332	BIOL 332E
BIOL 335L	BIOL 335
BIOL 335	BIOL 335L
BIOL 341L	BIOL 341
BIOL 341	BIOL 341L
BIOL 355L	BIOL 355
BIOL 356L	BIOL 356
BIOL 359L	BIOL 359
BIOL 359	BIOL 359L
BIOL 373L	BIOL 373
BIOL 385L	BIOL 385
BIOL 385	BIOL 385L
BIOL 407L	BIOL 407
BIOL 407	BIOL 407L
BIOL 591	BIOL 591L
CHEM 101L	CHEM 101
CHEM 101	CHEM 101L
CHEM 102L	CHEM 102
CHEM 102	CHEM 102L
CHEM 111L	CHEM 111
CHEM 111	CHEM 111L
CHEM 212L	CHEM 212
CHEM 212	CHEM 212L
CHEM 263L	CHEM 263
CHEM 263	CHEM 263L
CHEM 264L	CHEM 264
CHEM 264	CHEM 264L
CHIN 222L	CHIN 222
CHIN 299X	CHIN 299
CLAS 220L	CLAS 220
CLAS 220	CLAS 220L
CLAS 236X	CLAS 236
CLAS 250E	CLAS 250
CLAS 250	CLAS 250E
CLAS 253E	CLAS 253
CLAS 253	CLAS 253E
CORE 106SX	CORE 106S
UNST 106E	CORE 106S
CORE 151X	CORE 151
CORE C184L	CORE C184
CORE C184	CORE C184L
COSC 101L	COSC 101
COSC 101	COSC 101L
COSC 102L	COSC 102
COSC 102	COSC 102L
COSC 201L	COSC 201
COSC 201	COSC 201L
COSC 202L	COSC 202
COSC 202	COSC 202L
COSC 208L	COSC 208
COSC 208	COSC 208L
COSC 290L	COSC 290
COSC 290	COSC 290L
COSC 301L	COSC 301
COSC 301	COSC 301L
COSC 302L	COSC 302
COSC 302	COSC 302L
COSC 304L	COSC 304
COSC 304	COSC 304L
COSC 311L	COSC 311
COSC 311	COSC 311L
COSC 410L	COSC 410
COSC 410	COSC 410L
COSC 415L	COSC 415
COSC 415	COSC 415L
COSC 435L	COSC 435
COSC 435	COSC 435L
COSC 460L	COSC 460
COSC 460	COSC 460L
COSC 465L	COSC 465
COSC 465	COSC 465L
COSC 470L	COSC 470
COSC 470	COSC 470L
COSC 480L	COSC 480
ECON 375L	ECON 375
ECON 375	ECON 375L
EDUC 214L	EDUC 214
EDUC 231L	EDUC 231
EDUC 455	EDUC 454
EDUC 451	EDUC 455
EDUC 453	EDUC 455
ENST 313L	ENST 313
ENST 389L	ENST 389
ENST 450L	ENST 450
ENST 450	ENST 450L
FMST 200L	FMST 200
FMST 200	FMST 200L
FMST 210L	FMST 210
FMST 210	FMST 210L
FMST 212L	FMST 212
FMST 212	FMST 212L
FMST 224L	FMST 224
FMST 224	FMST 224L
FMST 230L	FMST 230
FMST 288L	FMST 288
FMST 333L	FMST 333
FMST 333	FMST 333L
FMST 340L	FMST 340
FMST 340	FMST 340L
FMST 390L	FMST 390
FMST 400L	FMST 400
FMST 400	FMST 400L
FSEM 159L	FSEM 159
FSEM 159	FSEM 159L
FSEM 163L	FSEM 163
FSEM 164L	FSEM 164
FSEM 164	FSEM 164L
FSEM 168L	FSEM 168
FSEM 168	FSEM 168L
FSEM 177L	FSEM 177
FSEM 177	FSEM 177L
GEOG 245L	GEOG 245
GEOG 245	GEOG 245L
GEOG 250E	GEOG 250
PCON 327	GEOG 319
GEOG 327	GEOG 319
GEOL 101L	GEOL 101
GEOL 101	GEOL 101L
GEOL 190L	GEOL 190
GEOL 190	GEOL 190L
GEOL 201L	GEOL 201
GEOL 201	GEOL 201L
GEOL 215L	GEOL 215
GEOL 215	GEOL 215L
GEOL 225L	GEOL 225
GEOL 225	GEOL 225L
GEOL 235L	GEOL 235
GEOL 235	GEOL 235L
GEOL 260L	GEOL 260
GEOL 260	GEOL 260L
GEOL 301L	GEOL 301
GEOL 301	GEOL 301L
GEOL 335L	GEOL 335
GERM 325L	GERM 325
GERM 325	GERM 325L
GERM 353L	GERM 353
GERM 467L	GERM 467
GERM 467	GERM 467L
GERM 485L	GERM 485
GERM 485	GERM 485L
HIST 373L	HIST 373
HIST 373	HIST 373L
ITAL 223L	ITAL 223
ITAL 223X	ITAL 223
ITAL 223	ITAL 223L
ITAL 224L	ITAL 224
ITAL 224	ITAL 224L
ITAL 360L	ITAL 360
ITAL 360	ITAL 360L
JAPN 222L	JAPN 222
JWST 181E	JWST 181
JWST 357EX	JWST 357E
JWST 361L	JWST 361
JWST 361	JWST 361L
THEA 341E	LCTL 191
FMST 341E	LCTL 191
LGBT 242X	LGBT 242
MATH 240L	MATH 240
MATH 240	MATH 240L
MATH 260L	MATH 260
MATH 260	MATH 260L
NEUR 379L	NEUR 379
NEUR 379	NEUR 379L
NEUR 385L	NEUR 385
PCON 361L	PCON 361
PCON 361	PCON 361L
PHYS 111L	PHYS 111
PHYS 111	PHYS 111L
PHYS 112L	PHYS 112
PHYS 112	PHYS 112L
PHYS 131L	PHYS 131
PHYS 131RE	PHYS 131
PHYS 131RE	PHYS 131L
PHYS 131	PHYS 131L
PHYS 201L	PHYS 201
PHYS 201	PHYS 201L
PHYS 201	PHYS 232
PHYS 232L	PHYS 232
PHYS 232RE	PHYS 232
PHYS 232RE	PHYS 232L
PHYS 232	PHYS 232L
PHYS 233L	PHYS 233
PHYS 233	PHYS 233L
PHYS 304L	PHYS 304
PHYS 304	PHYS 304L
PHYS 336L	PHYS 336
PHYS 336	PHYS 336L
PHYS 410L	PHYS 410
PHYS 434L	PHYS 434
PHYS 434	PHYS 434L
PHYS 451L	PHYS 451
PHYS 451	PHYS 451L
POSC 329X	POSC 329
PSYC 309L	PSYC 309
PSYC 309	PSYC 309L
PSYC 379L	PSYC 379
PSYC 379	PSYC 379L
PSYC 385L	PSYC 385
RELG 242L	RELG 242
RELG 242	RELG 242L
RELG 253X	RELG 253
RELG 591L	RELG 591
SOCI 313L	SOCI 313
SOCI 333L	SOCI 333
SOCI 333	SOCI 333L
SOSC 275L	SOSC 275
SOSC 275	SOSC 275L
THEA 220L	THEA 220
THEA 220	THEA 220L
WRIT 348L	WRIT 348
WRIT 348	WRIT 348L
