emphasis_code	course_code	standing_allowed
ALST	UNST 410	Majors
ALST	UNST 410	Minors
ANTH	ANTH 495	Majors
ANTH	FMST 375	Majors
ANTH	FMST 375	Minors
ANTH	SOCI 375	Majors
ANTH	SOCI 375	Minors
ARTS	ARTS 406	Majors
ARTS	ARTS 475	Majors
ARTS	ARTS 483	Majors
ASIA	UNST 410	Majors
ASIA	UNST 410	Minors
BIOC	CHEM 481	Majors
BIOC	CHEM 481	Minors
BIOC	CHEM 482	Majors
BIOC	CHEM 482	Minors
CHEM	CHEM 481	Majors
CHEM	CHEM 481	Minors
CHEM	CHEM 482	Majors
CHEM	CHEM 482	Minors
COSC	COSC 202	Majors
COSC	COSC 202	Minors
COSC	COSC 203	Majors
COSC	COSC 203	Minors
COSC	COSC 204	Majors
COSC	COSC 204	Minors
COSC	COSC 208	Majors
COSC	COSC 208	Minors
COSC	COSC 290	Majors
COSC	COSC 290	Minors
COSC	COSC 301	Majors
COSC	COSC 301	Minors
COSC	COSC 302	Majors
COSC	COSC 302	Minors
COSC	COSC 311	Majors
COSC	COSC 311	Minors
COSC	COSC 410	Majors
COSC	COSC 410	Minors
COSC	COSC 415	Majors
COSC	COSC 415	Minors
COSC	COSC 435	Majors
COSC	COSC 435	Minors
COSC	COSC 470	Majors
COSC	COSC 470	Minors
COSC	COSC 480	Majors
COSC	COSC 480	Minors
ECON	ECON 314	Majors
ECON	ECON 314	Minors
ECON	ECON 320	Majors
ECON	ECON 320	Minors
ECON	ECON 336	Majors
ECON	ECON 336	Minors
ECON	ECON 339	Majors
ECON	ECON 339	Minors
ECON	ECON 340	Majors
ECON	ECON 340	Minors
ECON	ECON 344	Majors
ECON	ECON 344	Minors
ECON	ECON 345	Majors
ECON	ECON 345	Minors
ECON	ECON 348	Majors
ECON	ECON 348	Minors
ECON	ECON 349	Majors
ECON	ECON 349	Minors
ECON	ECON 352	Majors
ECON	ECON 352	Minors
ECON	ECON 353	Majors
ECON	ECON 353	Minors
ECON	ECON 355	Majors
ECON	ECON 355	Minors
ECON	ECON 356	Majors
ECON	ECON 356	Minors
ECON	ECON 368	Majors
ECON	ECON 368	Minors
ECON	ECON 369	Majors
ECON	ECON 369	Minors
ECON	ECON 370	Majors
ECON	ECON 370	Minors
ECON	ECON 374	Majors
ECON	ECON 374	Minors
ECON	ECON 375	Majors
ECON	ECON 375	Minors
ECON	ECON 381	Majors
ECON	ECON 381	Minors
ECON	ECON 383	Majors
ECON	ECON 383	Minors
ECON	ECON 385	Majors
ECON	ECON 385	Minors
ECON	ECON 387	Majors
ECON	ECON 387	Minors
EDUC	EDUC 226	Majors
EDUC	EDUC 450	Majors
EDUC	EDUC 450	Minors
EDUC	EDUC 460	Majors
ENBI	ENST 389	Majors
ENBI	ENST 389	Minors
ENBI	ENST 390	Majors
ENBI	ENST 390	Minors
ENBI	ENST 490	Majors
ENBI	ENST 490	Minors
ENEC	ECON 314	Majors
ENEC	ECON 314	Minors
ENEC	ECON 320	Majors
ENEC	ECON 320	Minors
ENEC	ECON 336	Majors
ENEC	ECON 336	Minors
ENEC	ECON 339	Majors
ENEC	ECON 339	Minors
ENEC	ECON 340	Majors
ENEC	ECON 340	Minors
ENEC	ECON 344	Majors
ENEC	ECON 344	Minors
ENEC	ECON 345	Majors
ENEC	ECON 345	Minors
ENEC	ECON 348	Majors
ENEC	ECON 348	Minors
ENEC	ECON 349	Majors
ENEC	ECON 349	Minors
ENEC	ECON 352	Majors
ENEC	ECON 352	Minors
ENEC	ECON 353	Majors
ENEC	ECON 353	Minors
ENEC	ECON 355	Majors
ENEC	ECON 355	Minors
ENEC	ECON 356	Majors
ENEC	ECON 356	Minors
ENEC	ECON 368	Majors
ENEC	ECON 368	Minors
ENEC	ECON 369	Majors
ENEC	ECON 369	Minors
ENEC	ECON 370	Majors
ENEC	ECON 370	Minors
ENEC	ECON 374	Majors
ENEC	ECON 374	Minors
ENEC	ECON 375	Majors
ENEC	ECON 375	Minors
ENEC	ECON 381	Majors
ENEC	ECON 381	Minors
ENEC	ECON 383	Majors
ENEC	ECON 383	Minors
ENEC	ECON 385	Majors
ENEC	ECON 385	Minors
ENEC	ECON 387	Majors
ENEC	ECON 387	Minors
ENEC	ENST 389	Majors
ENEC	ENST 389	Minors
ENEC	ENST 390	Majors
ENEC	ENST 390	Minors
ENEC	ENST 490	Majors
ENEC	ENST 490	Minors
ENGE	ENST 389	Majors
ENGE	ENST 389	Minors
ENGE	ENST 390	Majors
ENGE	ENST 390	Minors
ENGE	ENST 490	Majors
ENGE	ENST 490	Minors
ENGG	ENST 389	Majors
ENGG	ENST 389	Minors
ENGG	ENST 390	Majors
ENGG	ENST 390	Minors
ENGG	ENST 490	Majors
ENGG	ENST 490	Minors
ENGG	GEOG 251	Majors
ENGG	GEOG 251	Minors
ENGG	GEOG 401	Majors
ENST	ENST 389	Majors
ENST	ENST 389	Minors
ENST	ENST 390	Majors
ENST	ENST 390	Minors
ENST	ENST 490	Majors
ENST	ENST 490	Minors
FMST	FMST 333	Majors
FMST	FMST 333	Minors
FMST	FMST 375	Majors
FMST	FMST 375	Minors
FMST	FMST 410	Majors
FMST	FMST 490	Majors
FMST	SOCI 348	Majors
FMST	SOCI 348	Minors
FMST	SOCI 375	Majors
FMST	SOCI 375	Minors
GEOG	GEOG 251	Majors
GEOG	GEOG 251	Minors
GEOG	GEOG 401	Majors
HIST	HIST 490	Majors
IREL	ECON 249	Majors
IREL	ECON 249	Minors
LING	PHIL 411	Majors
LING	PHIL 411	Minors
MAEC	ECON 314	Majors
MAEC	ECON 314	Minors
MAEC	ECON 320	Majors
MAEC	ECON 320	Minors
MAEC	ECON 336	Majors
MAEC	ECON 336	Minors
MAEC	ECON 339	Majors
MAEC	ECON 339	Minors
MAEC	ECON 340	Majors
MAEC	ECON 340	Minors
MAEC	ECON 344	Majors
MAEC	ECON 344	Minors
MAEC	ECON 345	Majors
MAEC	ECON 345	Minors
MAEC	ECON 348	Majors
MAEC	ECON 348	Minors
MAEC	ECON 349	Majors
MAEC	ECON 349	Minors
MAEC	ECON 352	Majors
MAEC	ECON 352	Minors
MAEC	ECON 353	Majors
MAEC	ECON 353	Minors
MAEC	ECON 355	Majors
MAEC	ECON 355	Minors
MAEC	ECON 356	Majors
MAEC	ECON 356	Minors
MAEC	ECON 368	Majors
MAEC	ECON 368	Minors
MAEC	ECON 369	Majors
MAEC	ECON 369	Minors
MAEC	ECON 370	Majors
MAEC	ECON 370	Minors
MAEC	ECON 374	Majors
MAEC	ECON 374	Minors
MAEC	ECON 375	Majors
MAEC	ECON 375	Minors
MAEC	ECON 381	Majors
MAEC	ECON 381	Minors
MAEC	ECON 383	Majors
MAEC	ECON 383	Minors
MAEC	ECON 385	Majors
MAEC	ECON 385	Minors
MAEC	ECON 387	Majors
MAEC	ECON 387	Minors
MIST	UNST 410	Majors
MIST	UNST 410	Minors
NEUR	NEUR 344	Majors
NEUR	NEUR 344	Minors
NEUR	NEUR 498	Majors
NEUR	NEUR 498	Minors
NEUR	NEUR 499	Majors
NEUR	PHIL 344	Majors
NEUR	PHIL 344	Minors
PCON	PCON 479	Majors
PCON	PCON 499	Majors
PHIL	NEUR 344	Majors
PHIL	NEUR 344	Minors
PHIL	PHIL 344	Majors
PHIL	PHIL 344	Minors
PHIL	PHIL 411	Majors
PHIL	PHIL 411	Minors
PHIL	PHIL 417	Majors
PHIL	PHIL 417	Minors
PHRE	PHIL 411	Majors
PHRE	PHIL 411	Minors
PHRE	PHIL 417	Majors
PHRE	PHIL 417	Minors
PHRE	RELG 411	Majors
PHRE	RELG 411	Minors
PSCI	PSYC 498	Majors
PSCI	PSYC 498	Minors
PSCI	PSYC 499	Majors
PSCI	PSYC 499	Minors
PSYC	PSYC 498	Majors
PSYC	PSYC 498	Minors
PSYC	PSYC 499	Majors
PSYC	PSYC 499	Minors
RELG	RELG 411	Majors
RELG	RELG 411	Minors
REST	REST 412	Majors
REST	REST 412	Minors
SOCI	FMST 375	Majors
SOCI	FMST 375	Minors
SOCI	GEOG 251	Majors
SOCI	GEOG 251	Minors
SOCI	SOCI 348	Majors
SOCI	SOCI 348	Minors
SOCI	SOCI 375	Majors
SOCI	SOCI 375	Minors
SOCI	ANTH 495	Majors
THEA	THEA 495	Majors
THEA	THEA 495	Minors
WMST	WMST 490	Majors
WMST	WMST 490	Minors
